filename,ext,size,sha256,magic_hex,header16_hex
baocao_tongket_q3.pdf,pdf,62162,21299621ad75d9d28c6bae9dd9af51326a2d779a0d1cfb6b45627b14d4e8680f,255044462d312e37,255044462d312e370d0a25b5b5b5b50d
bienban_hop_thang9.doc,doc,28672,a5c33e7448df6e55c52dad570c5cd1183e532f92326a7111401344135a9c1389,d0cf11e0a1b11ae1,d0cf11e0a1b11ae10000000000000000
data.csv,csv,39,a96c895ce817d59f2d4c231103ea786caf02cf5a54daa6780bfe1e322accf4c0,69642c74656e2c64,69642c74656e2c6469656d0a312c486f
doanhthu_q3.xlsx,xlsx,18939,7b679e25f9dc48994d68e02f57f195cf023614c4985447ad1fc6e4a73e8ef4c8,504b030414000600,504b0304140006000800000021004137
hopdong_muaban.docx,docx,15290,b7e06b26ec9ca92da0d332d4516f2f04e6477c71db092dc29cc3081e277ec4b6,504b030414000600,504b030414000600080000002100dfa4
note.txt,txt,71,d05e0e46fd57d33bbe1d687601a5a437993f96023fd28ba52f720dba9bb4d675,446179206c612066,446179206c612066696c65206d6f2074
report.pdf,pdf,69,cfa3181c1ee36e8bce5e39f84959f4558ea7ba32c0e4539a8ab3c8ce8c716ec6,255044462d312e34,255044462d312e340a312030206f626a
sodo_phongban.jpg,jpg,211939,ec303b738a65ce8f2b377b646ecbfe24031d3eba73cf93fe516ec0025840bbb7,ffd8ffe000104a46,ffd8ffe000104a464946000101000001
tonkho_cuoiky.xls,xls,42496,2582f8f42f628e3f067e83bca7d945b5b7f155ddf44fc09d0f0e8beb5fa879d9,d0cf11e0a1b11ae1,d0cf11e0a1b11ae10000000000000000
